Symbol,Price,Price Chg %,OI,OI Chg %,PCR,ATM Straddle %,IV Chg,IV Chg %,Fut OI,Fut OI Chg,Fut OI Chg %,Fut Buildup,Volume,Volume Chg %,Report_Type,Source_File,NTIS Intraday Score,Trade Bias,Reason,Pattern,Intraday Probability %,Confidence,Final Bias,Validation Signal,Risk Level,Entry Price,Stop Loss,Target
EICHERMOT,7705.0,70.0,3663200.0,2.52,,,,,,,,,276000.0,-24.84,VOLUME_OI,VolumeAndOISpikesScans_28JUL26_Report_23_7_2026.xlsx,40,NEUTRAL,Positive Price Momentum; Fresh OI Buildup,Fresh Long Buildup,75,HIGH,BUY,VALID BUY,MEDIUM,7705.0,7550.9,8013.200000000001
GODREJCP,1079.0,9.6,10778500.0,9.1,,,,,,,,,1124000.0,-0.09,VOLUME_OI,VolumeAndOISpikesScans_28JUL26_Report_23_7_2026.xlsx,40,NEUTRAL,Positive Price Momentum; Fresh OI Buildup,Fresh Long Buildup,75,HIGH,BUY,VALID BUY,MEDIUM,1079.0,1057.42,1122.16
M&M,3245.0,72.3,14546400.0,2.82,,,,,,,,,1297800.0,-33.06,VOLUME_OI,VolumeAndOISpikesScans_28JUL26_Report_23_7_2026.xlsx,40,NEUTRAL,Positive Price Momentum; Fresh OI Buildup,Fresh Long Buildup,75,HIGH,BUY,VALID BUY,MEDIUM,3245.0,3180.1,3374.8
TVSMOTOR,3941.3,33.6,12283075.0,2.27,,,,,,,,,972825.0,-61.4,VOLUME_OI,VolumeAndOISpikesScans_28JUL26_Report_23_7_2026.xlsx,40,NEUTRAL,Positive Price Momentum; Fresh OI Buildup,Fresh Long Buildup,75,HIGH,BUY,VALID BUY,MEDIUM,3941.3,3862.474,4098.952
KEI,4995.5,13.5,1890350.0,3.34,,,,,,,,,220150.0,-56.3,VOLUME_OI,VolumeAndOISpikesScans_28JUL26_Report_23_7_2026.xlsx,40,NEUTRAL,Positive Price Momentum; Fresh OI Buildup,Fresh Long Buildup,75,HIGH,BUY,VALID BUY,MEDIUM,4995.5,4895.59,5195.320000000001
SHREECEM,26890.0,235.0,346800.0,1.54,,,,,,,,,47000.0,185.28,VOLUME_OI,VolumeAndOISpikesScans_28JUL26_Report_23_7_2026.xlsx,35,NEUTRAL,Positive Price Momentum; Volume Expansion,Fresh Long Buildup,75,HIGH,BUY,VALID BUY,MEDIUM,26890.0,26352.2,27965.600000000002
APLAPOLLO,1841.0,19.8,5570250.0,-0.58,,,,,,,,,397950.0,83.39,VOLUME_OI,VolumeAndOISpikesScans_28JUL26_Report_23_7_2026.xlsx,35,NEUTRAL,Positive Price Momentum; Volume Expansion,Short Covering,70,MEDIUM,BUY,WATCH,MEDIUM,1841.0,1804.18,1914.64
KAYNES,3314.0,60.6,3818250.0,-1.15,,,,,,,,,118950.0,109.23,VOLUME_OI,VolumeAndOISpikesScans_28JUL26_Report_23_7_2026.xlsx,35,NEUTRAL,Positive Price Momentum; Volume Expansion,Short Covering,70,MEDIUM,BUY,WATCH,MEDIUM,3314.0,3247.72,3446.56
HYUNDAI,1976.8,29.8,4799300.0,0.96,,,,,,,,,427075.0,-29.05,VOLUME_OI,VolumeAndOISpikesScans_28JUL26_Report_23_7_2026.xlsx,20,SELL,Positive Price Momentum,Fresh Long Buildup,60,MEDIUM,NEUTRAL,WATCH,MEDIUM,1976.8,1937.264,2055.872
HCLTECH,1240.4,6.0,31132400.0,0.92,,,,,,,,,1980000.0,-29.64,VOLUME_OI,VolumeAndOISpikesScans_28JUL26_Report_23_7_2026.xlsx,20,SELL,Positive Price Momentum,Fresh Long Buildup,60,MEDIUM,NEUTRAL,WATCH,MEDIUM,1240.4,1215.592,1290.016
360ONE,1093.8,1.2,4619000.0,1.82,,,,,,,,,445000.0,-33.68,VOLUME_OI,VolumeAndOISpikesScans_28JUL26_Report_23_7_2026.xlsx,20,SELL,Positive Price Momentum,Fresh Long Buildup,60,MEDIUM,NEUTRAL,WATCH,MEDIUM,1093.8,1071.924,1137.552
BOSCHLTD,42560.0,955.0,206400.0,1.85,,,,,,,,,31800.0,-8.49,VOLUME_OI,VolumeAndOISpikesScans_28JUL26_Report_23_7_2026.xlsx,20,SELL,Positive Price Momentum,Fresh Long Buildup,60,MEDIUM,NEUTRAL,WATCH,MEDIUM,42560.0,41708.799999999996,44262.4
BHARATFORG,2204.9,11.4,7766000.0,1.54,,,,,,,,,717000.0,-31.52,VOLUME_OI,VolumeAndOISpikesScans_28JUL26_Report_23_7_2026.xlsx,20,SELL,Positive Price Momentum,Fresh Long Buildup,60,MEDIUM,NEUTRAL,WATCH,MEDIUM,2204.9,2160.802,2293.096
BAJAJHLDNG,10570.0,157.0,292800.0,1.32,,,,,,,,,29625.0,-31.78,VOLUME_OI,VolumeAndOISpikesScans_28JUL26_Report_23_7_2026.xlsx,20,SELL,Positive Price Momentum,Fresh Long Buildup,60,MEDIUM,NEUTRAL,WATCH,MEDIUM,10570.0,10358.6,10992.800000000001
ICICIGI,1592.7,6.1,6297525.0,0.36,,,,,,,,,437125.0,5.91,VOLUME_OI,VolumeAndOISpikesScans_28JUL26_Report_23_7_2026.xlsx,20,SELL,Positive Price Momentum,Fresh Long Buildup,60,MEDIUM,NEUTRAL,WATCH,MEDIUM,1592.7,1560.846,1656.4080000000001
UPL,611.65,3.05,24407615.0,0.65,,,,,,,,,1570445.0,-57.25,VOLUME_OI,VolumeAndOISpikesScans_28JUL26_Report_23_7_2026.xlsx,20,SELL,Positive Price Momentum,Fresh Long Buildup,60,MEDIUM,NEUTRAL,WATCH,MEDIUM,611.65,599.4169999999999,636.116
BPCL,316.0,2.75,42492125.0,1.73,,,,,,,,,5770950.0,-60.4,VOLUME_OI,VolumeAndOISpikesScans_28JUL26_Report_23_7_2026.xlsx,20,SELL,Positive Price Momentum,Fresh Long Buildup,60,MEDIUM,NEUTRAL,WATCH,MEDIUM,316.0,309.68,328.64
HDFCAMC,2554.9,10.4,5109000.0,1.13,,,,,,,,,434700.0,-57.85,VOLUME_OI,VolumeAndOISpikesScans_28JUL26_Report_23_7_2026.xlsx,20,SELL,Positive Price Momentum,Fresh Long Buildup,60,MEDIUM,NEUTRAL,WATCH,MEDIUM,2554.9,2503.802,2657.096
MARUTI,13550.0,14.0,2086000.0,1.7,,,,,,,,,124100.0,-59.48,VOLUME_OI,VolumeAndOISpikesScans_28JUL26_Report_23_7_2026.xlsx,20,SELL,Positive Price Momentum,Fresh Long Buildup,60,MEDIUM,NEUTRAL,WATCH,MEDIUM,13550.0,13279.0,14092.0
ASHOKLEY,153.39,1.04,142610000.0,1.11,,,,,,,,,6755000.0,-60.72,VOLUME_OI,VolumeAndOISpikesScans_28JUL26_Report_23_7_2026.xlsx,20,SELL,Positive Price Momentum,Fresh Long Buildup,60,MEDIUM,NEUTRAL,WATCH,MEDIUM,153.39,150.32219999999998,159.5256
ETERNAL,294.8,10.45,132773600.0,1.23,,,,,,,,,29837200.0,-61.23,VOLUME_OI,VolumeAndOISpikesScans_28JUL26_Report_23_7_2026.xlsx,20,SELL,Positive Price Momentum,Fresh Long Buildup,60,MEDIUM,NEUTRAL,WATCH,MEDIUM,294.8,288.904,306.59200000000004
DELHIVERY,471.7,4.55,21797875.0,0.54,,,,,,,,,1276125.0,-87.61,VOLUME_OI,VolumeAndOISpikesScans_28JUL26_Report_23_7_2026.xlsx,20,SELL,Positive Price Momentum,Fresh Long Buildup,60,MEDIUM,NEUTRAL,WATCH,MEDIUM,471.7,462.26599999999996,490.568
BAJAJFINSV,1888.0,11.6,9291600.0,1.82,,,,,,,,,579000.0,-26.64,VOLUME_OI,VolumeAndOISpikesScans_28JUL26_Report_23_7_2026.xlsx,20,SELL,Positive Price Momentum,Fresh Long Buildup,60,MEDIUM,NEUTRAL,WATCH,MEDIUM,1888.0,1850.24,1963.52
HAVELLS,1215.4,6.2,8851500.0,0.6,,,,,,,,,636500.0,-41.26,VOLUME_OI,VolumeAndOISpikesScans_28JUL26_Report_23_7_2026.xlsx,20,SELL,Positive Price Momentum,Fresh Long Buildup,60,MEDIUM,NEUTRAL,WATCH,MEDIUM,1215.4,1191.092,1264.016
TATACONSUM,1102.4,6.3,14987500.0,1.76,,,,,,,,,1186900.0,-39.23,VOLUME_OI,VolumeAndOISpikesScans_28JUL26_Report_23_7_2026.xlsx,20,SELL,Positive Price Momentum,Fresh Long Buildup,60,MEDIUM,NEUTRAL,WATCH,MEDIUM,1102.4,1080.352,1146.496
PHOENIXLTD,2060.5,6.8,3170300.0,1.7,,,,,,,,,218050.0,-42.21,VOLUME_OI,VolumeAndOISpikesScans_28JUL26_Report_23_7_2026.xlsx,20,SELL,Positive Price Momentum,Fresh Long Buildup,60,MEDIUM,NEUTRAL,WATCH,MEDIUM,2060.5,2019.29,2142.92
HAL,4586.4,16.4,4165800.0,1.01,,,,,,,,,237600.0,-73.4,VOLUME_OI,VolumeAndOISpikesScans_28JUL26_Report_23_7_2026.xlsx,20,SELL,Positive Price Momentum,Fresh Long Buildup,60,MEDIUM,NEUTRAL,WATCH,MEDIUM,4586.4,4494.672,4769.856
CUMMINSIND,5629.0,30.5,4211200.0,0.6,,,,,,,,,187400.0,-74.07,VOLUME_OI,VolumeAndOISpikesScans_28JUL26_Report_23_7_2026.xlsx,20,SELL,Positive Price Momentum,Fresh Long Buildup,60,MEDIUM,NEUTRAL,WATCH,MEDIUM,5629.0,5516.42,5854.16
GLENMARK,2214.2,12.6,11049750.0,0.11,,,,,,,,,307500.0,-82.2,VOLUME_OI,VolumeAndOISpikesScans_28JUL26_Report_23_7_2026.xlsx,20,SELL,Positive Price Momentum,Fresh Long Buildup,60,MEDIUM,NEUTRAL,WATCH,MEDIUM,2214.2,2169.9159999999997,2302.768
BAJAJ-AUTO,11254.5,244.5,2368425.0,0.2,,,,,,,,,268350.0,-83.08,VOLUME_OI,VolumeAndOISpikesScans_28JUL26_Report_23_7_2026.xlsx,20,SELL,Positive Price Momentum,Fresh Long Buildup,60,MEDIUM,NEUTRAL,WATCH,MEDIUM,11254.5,11029.41,11704.68
FORTIS,949.4,2.1,10099800.0,0.65,,,,,,,,,540175.0,-67.63,VOLUME_OI,VolumeAndOISpikesScans_28JUL26_Report_23_7_2026.xlsx,20,SELL,Positive Price Momentum,Fresh Long Buildup,60,MEDIUM,NEUTRAL,WATCH,MEDIUM,949.4,930.4119999999999,987.376
LT,3822.9,5.1,11830700.0,0.41,,,,,,,,,485275.0,-66.02,VOLUME_OI,VolumeAndOISpikesScans_28JUL26_Report_23_7_2026.xlsx,20,SELL,Positive Price Momentum,Fresh Long Buildup,60,MEDIUM,NEUTRAL,WATCH,MEDIUM,3822.9,3746.442,3975.8160000000003
PIIND,2723.4,23.2,2861075.0,0.2,,,,,,,,,215950.0,-63.01,VOLUME_OI,VolumeAndOISpikesScans_28JUL26_Report_23_7_2026.xlsx,20,SELL,Positive Price Momentum,Fresh Long Buildup,60,MEDIUM,NEUTRAL,WATCH,MEDIUM,2723.4,2668.9320000000002,2832.3360000000002
SWIGGY,265.3,1.54,44365750.0,0.6,,,,,,,,,4825300.0,-63.13,VOLUME_OI,VolumeAndOISpikesScans_28JUL26_Report_23_7_2026.xlsx,20,SELL,Positive Price Momentum,Fresh Long Buildup,60,MEDIUM,NEUTRAL,WATCH,MEDIUM,265.3,259.994,275.91200000000003
MANAPPURAM,353.75,3.7,55647000.0,0.81,,,,,,,,,4026000.0,-50.59,VOLUME_OI,VolumeAndOISpikesScans_28JUL26_Report_23_7_2026.xlsx,20,SELL,Positive Price Momentum,Fresh Long Buildup,60,MEDIUM,NEUTRAL,WATCH,MEDIUM,353.75,346.675,367.90000000000003
MUTHOOTFIN,3067.5,21.9,6240575.0,0.27,,,,,,,,,490600.0,-44.92,VOLUME_OI,VolumeAndOISpikesScans_28JUL26_Report_23_7_2026.xlsx,20,SELL,Positive Price Momentum,Fresh Long Buildup,60,MEDIUM,NEUTRAL,WATCH,MEDIUM,3067.5,3006.15,3190.2000000000003
KOTAKBANK,385.25,3.65,139376000.0,1.73,,,,,,,,,5218000.0,-70.37,VOLUME_OI,VolumeAndOISpikesScans_28JUL26_Report_23_7_2026.xlsx,20,SELL,Positive Price Momentum,Fresh Long Buildup,60,MEDIUM,NEUTRAL,WATCH,MEDIUM,385.25,377.545,400.66
INDIANB,832.1,4.0,15984000.0,0.48,,,,,,,,,962000.0,-59.06,VOLUME_OI,VolumeAndOISpikesScans_28JUL26_Report_23_7_2026.xlsx,20,SELL,Positive Price Momentum,Fresh Long Buildup,60,MEDIUM,NEUTRAL,WATCH,MEDIUM,832.1,815.458,865.384
UNOMINDA,1148.6,17.5,4576550.0,0.97,,,,,,,,,331650.0,-55.89,VOLUME_OI,VolumeAndOISpikesScans_28JUL26_Report_23_7_2026.xlsx,20,SELL,Positive Price Momentum,Fresh Long Buildup,60,MEDIUM,NEUTRAL,WATCH,MEDIUM,1148.6,1125.628,1194.5439999999999
HINDZINC,537.3,2.4,26532275.0,0.35,,,,,,,,,1626800.0,-52.21,VOLUME_OI,VolumeAndOISpikesScans_28JUL26_Report_23_7_2026.xlsx,20,SELL,Positive Price Momentum,Fresh Long Buildup,60,MEDIUM,NEUTRAL,WATCH,MEDIUM,537.3,526.554,558.7919999999999
ULTRACEMCO,11899.0,25.0,1653650.0,1.8,,,,,,,,,155000.0,-48.74,VOLUME_OI,VolumeAndOISpikesScans_28JUL26_Report_23_7_2026.xlsx,20,SELL,Positive Price Momentum,Fresh Long Buildup,60,MEDIUM,NEUTRAL,WATCH,MEDIUM,11899.0,11661.02,12374.960000000001
HINDALCO,960.85,9.15,45539900.0,0.73,,,,,,,,,3154200.0,-57.86,VOLUME_OI,VolumeAndOISpikesScans_28JUL26_Report_23_7_2026.xlsx,20,SELL,Positive Price Momentum,Fresh Long Buildup,60,MEDIUM,NEUTRAL,WATCH,MEDIUM,960.85,941.633,999.2840000000001
ONGC,252.49,0.8,78257250.0,0.09,,,,,,,,,3597750.0,-59.1,VOLUME_OI,VolumeAndOISpikesScans_28JUL26_Report_23_7_2026.xlsx,0,SELL,,Fresh Long Buildup,60,MEDIUM,NEUTRAL,WATCH,MEDIUM,252.49,247.4402,262.5896
POWERGRID,289.3,0.25,51431100.0,0.26,,,,,,,,,2779700.0,-68.5,VOLUME_OI,VolumeAndOISpikesScans_28JUL26_Report_23_7_2026.xlsx,0,SELL,,Fresh Long Buildup,60,MEDIUM,NEUTRAL,WATCH,MEDIUM,289.3,283.514,300.872
FEDERALBNK,354.0,0.6,81375000.0,1.52,,,,,,,,,4805000.0,-47.76,VOLUME_OI,VolumeAndOISpikesScans_28JUL26_Report_23_7_2026.xlsx,0,SELL,,Fresh Long Buildup,60,MEDIUM,NEUTRAL,WATCH,MEDIUM,354.0,346.92,368.16
CANBK,127.0,0.25,320544000.0,1.28,,,,,,,,,13857750.0,-46.24,VOLUME_OI,VolumeAndOISpikesScans_28JUL26_Report_23_7_2026.xlsx,0,SELL,,Fresh Long Buildup,60,MEDIUM,NEUTRAL,WATCH,MEDIUM,127.0,124.46,132.08
JUBLFOOD,419.2,1.6,18497500.0,-2.41,,,,,,,,,1345000.0,-15.61,VOLUME_OI,VolumeAndOISpikesScans_28JUL26_Report_23_7_2026.xlsx,10,SELL,Positive Price Momentum; OI Reduction,Short Covering,55,MEDIUM,NEUTRAL,WATCH,HIGH,419.2,410.816,435.968
UNITDSPR,1427.6,21.6,8376800.0,-0.79,,,,,,,,,1517600.0,22.35,VOLUME_OI,VolumeAndOISpikesScans_28JUL26_Report_23_7_2026.xlsx,20,SELL,Positive Price Momentum,Short Covering,55,MEDIUM,NEUTRAL,WATCH,HIGH,1427.6,1399.0479999999998,1484.704
NATIONALUM,346.5,3.25,44816250.0,-0.38,,,,,,,,,4708125.0,12.9,VOLUME_OI,VolumeAndOISpikesScans_28JUL26_Report_23_7_2026.xlsx,20,SELL,Positive Price Momentum,Short Covering,55,MEDIUM,NEUTRAL,WATCH,HIGH,346.5,339.57,360.36
HEROMOTOCO,5097.3,183.4,4896450.0,-1.75,,,,,,,,,1056300.0,10.6,VOLUME_OI,VolumeAndOISpikesScans_28JUL26_Report_23_7_2026.xlsx,20,SELL,Positive Price Momentum,Short Covering,55,MEDIUM,NEUTRAL,WATCH,HIGH,5097.3,4995.354,5301.192
SBILIFE,1816.8,9.8,6442875.0,-0.46,,,,,,,,,504750.0,-35.35,VOLUME_OI,VolumeAndOISpikesScans_28JUL26_Report_23_7_2026.xlsx,20,SELL,Positive Price Momentum,Short Covering,55,MEDIUM,NEUTRAL,WATCH,HIGH,1816.8,1780.464,1889.472
TRENT,2901.7,16.0,11400975.0,-2.5,,,,,,,,,1542375.0,71.12,VOLUME_OI,VolumeAndOISpikesScans_28JUL26_Report_23_7_2026.xlsx,25,SELL,Positive Price Momentum; OI Reduction; Volume Expansion,Short Covering,55,MEDIUM,NEUTRAL,WATCH,HIGH,2901.7,2843.6659999999997,3017.768
OFSS,10880.0,9.0,1558400.0,-2.49,,,,,,,,,879400.0,66.3,VOLUME_OI,VolumeAndOISpikesScans_28JUL26_Report_23_7_2026.xlsx,25,SELL,Positive Price Momentum; OI Reduction; Volume Expansion,Short Covering,55,MEDIUM,NEUTRAL,WATCH,HIGH,10880.0,10662.4,11315.2
CONCOR,484.5,3.65,16257500.0,-0.31,,,,,,,,,721250.0,-73.43,VOLUME_OI,VolumeAndOISpikesScans_28JUL26_Report_23_7_2026.xlsx,20,SELL,Positive Price Momentum,Short Covering,55,MEDIUM,NEUTRAL,WATCH,HIGH,484.5,474.81,503.88
MOTHERSON,146.16,2.47,142655400.0,-0.48,,,,,,,,,10356600.0,-37.09,VOLUME_OI,VolumeAndOISpikesScans_28JUL26_Report_23_7_2026.xlsx,20,SELL,Positive Price Momentum,Short Covering,55,MEDIUM,NEUTRAL,WATCH,HIGH,146.16,143.2368,152.0064
ABB,7634.5,98.5,2300625.0,-0.7,,,,,,,,,229000.0,-40.6,VOLUME_OI,VolumeAndOISpikesScans_28JUL26_Report_23_7_2026.xlsx,20,SELL,Positive Price Momentum,Short Covering,55,MEDIUM,NEUTRAL,WATCH,HIGH,7634.5,7481.8099999999995,7939.88
VOLTAS,1314.8,5.7,7815000.0,-0.17,,,,,,,,,723750.0,-33.13,VOLUME_OI,VolumeAndOISpikesScans_28JUL26_Report_23_7_2026.xlsx,20,SELL,Positive Price Momentum,Short Covering,55,MEDIUM,NEUTRAL,WATCH,HIGH,1314.8,1288.504,1367.392
VEDL,267.1,4.2,57723100.0,-1.61,,,,,,,,,3882400.0,-10.64,VOLUME_OI,VolumeAndOISpikesScans_28JUL26_Report_23_7_2026.xlsx,20,SELL,Positive Price Momentum,Short Covering,55,MEDIUM,NEUTRAL,WATCH,HIGH,267.1,261.75800000000004,277.78400000000005
WIPRO,173.28,0.53,272445000.0,-2.18,,,,,,,,,31758000.0,15.05,VOLUME_OI,VolumeAndOISpikesScans_28JUL26_Report_23_7_2026.xlsx,0,SELL,OI Reduction,Short Covering,55,MEDIUM,NEUTRAL,WATCH,HIGH,173.28,169.8144,180.21120000000002
PATANJALI,337.45,1.75,29465750.0,-4.06,,,,,,,,,2926150.0,-14.94,VOLUME_OI,VolumeAndOISpikesScans_28JUL26_Report_23_7_2026.xlsx,10,SELL,Positive Price Momentum; OI Reduction,Short Covering,55,MEDIUM,NEUTRAL,WATCH,HIGH,337.45,330.70099999999996,350.948
PREMIERENE,1038.5,18.5,6496750.0,-1.21,,,,,,,,,484250.0,-75.68,VOLUME_OI,VolumeAndOISpikesScans_28JUL26_Report_23_7_2026.xlsx,20,SELL,Positive Price Momentum,Short Covering,55,MEDIUM,NEUTRAL,WATCH,HIGH,1038.5,1017.73,1080.04
PGEL,580.95,4.65,11065600.0,-0.84,,,,,,,,,1169450.0,-72.13,VOLUME_OI,VolumeAndOISpikesScans_28JUL26_Report_23_7_2026.xlsx,20,SELL,Positive Price Momentum,Short Covering,55,MEDIUM,NEUTRAL,WATCH,HIGH,580.95,569.331,604.1880000000001
JINDALSTEL,1049.2,4.0,11414375.0,-1.33,,,,,,,,,847500.0,-53.35,VOLUME_OI,VolumeAndOISpikesScans_28JUL26_Report_23_7_2026.xlsx,20,SELL,Positive Price Momentum,Short Covering,55,MEDIUM,NEUTRAL,WATCH,HIGH,1049.2,1028.2160000000001,1091.1680000000001
DLF,648.6,3.75,38310650.0,-0.54,,,,,,,,,2169800.0,-53.6,VOLUME_OI,VolumeAndOISpikesScans_28JUL26_Report_23_7_2026.xlsx,20,SELL,Positive Price Momentum,Short Covering,55,MEDIUM,NEUTRAL,WATCH,HIGH,648.6,635.628,674.5440000000001
PAYTM,1275.0,7.5,21216400.0,-0.46,,,,,,,,,1470300.0,-78.57,VOLUME_OI,VolumeAndOISpikesScans_28JUL26_Report_23_7_2026.xlsx,20,SELL,Positive Price Momentum,Short Covering,55,MEDIUM,NEUTRAL,WATCH,HIGH,1275.0,1249.5,1326.0
DIXON,13910.0,90.0,2006650.0,-1.73,,,,,,,,,184750.0,-69.99,VOLUME_OI,VolumeAndOISpikesScans_28JUL26_Report_23_7_2026.xlsx,20,SELL,Positive Price Momentum,Short Covering,55,MEDIUM,NEUTRAL,WATCH,HIGH,13910.0,13631.8,14466.4
TIINDIA,2919.7,14.9,1896600.0,-0.73,,,,,,,,,135200.0,-37.92,VOLUME_OI,VolumeAndOISpikesScans_28JUL26_Report_23_7_2026.xlsx,20,SELL,Positive Price Momentum,Short Covering,55,MEDIUM,NEUTRAL,WATCH,HIGH,2919.7,2861.3059999999996,3036.488
TCS,2218.9,6.3,36006525.0,-0.42,,,,,,,,,2704500.0,-37.99,VOLUME_OI,VolumeAndOISpikesScans_28JUL26_Report_23_7_2026.xlsx,20,SELL,Positive Price Momentum,Short Covering,55,MEDIUM,NEUTRAL,WATCH,HIGH,2218.9,2174.522,2307.656
POWERINDIA,32610.0,430.0,476650.0,-1.14,,,,,,,,,38500.0,-45.87,VOLUME_OI,VolumeAndOISpikesScans_28JUL26_Report_23_7_2026.xlsx,20,SELL,Positive Price Momentum,Short Covering,55,MEDIUM,NEUTRAL,WATCH,HIGH,32610.0,31957.8,33914.4
MAXHEALTH,1085.3,5.7,10039575.0,-0.39,,,,,,,,,728175.0,-47.6,VOLUME_OI,VolumeAndOISpikesScans_28JUL26_Report_23_7_2026.xlsx,20,SELL,Positive Price Momentum,Short Covering,55,MEDIUM,NEUTRAL,WATCH,HIGH,1085.3,1063.5939999999998,1128.712
MAZDOCK,2307.0,5.9,5024700.0,-1.86,,,,,,,,,340425.0,-51.75,VOLUME_OI,VolumeAndOISpikesScans_28JUL26_Report_23_7_2026.xlsx,20,SELL,Positive Price Momentum,Short Covering,55,MEDIUM,NEUTRAL,WATCH,HIGH,2307.0,2260.86,2399.28
BDL,1241.8,2.3,7625350.0,-1.5,,,,,,,,,551650.0,-44.65,VOLUME_OI,VolumeAndOISpikesScans_28JUL26_Report_23_7_2026.xlsx,20,SELL,Positive Price Momentum,Short Covering,55,MEDIUM,NEUTRAL,WATCH,HIGH,1241.8,1216.964,1291.472
NHPC,80.73,0.7,126462200.0,-1.1,,,,,,,,,45446050.0,308.69,VOLUME_OI,VolumeAndOISpikesScans_28JUL26_Report_23_7_2026.xlsx,15,SELL,Volume Expansion,Short Covering,55,MEDIUM,NEUTRAL,WATCH,HIGH,80.73,79.11540000000001,83.95920000000001
WAAREEENER,2723.5,31.8,6858775.0,-5.08,,,,,,,,,872025.0,-17.47,VOLUME_OI,VolumeAndOISpikesScans_28JUL26_Report_23_7_2026.xlsx,10,SELL,Positive Price Momentum; OI Reduction,Short Covering,55,MEDIUM,NEUTRAL,WATCH,HIGH,2723.5,2669.0299999999997,2832.44
IREDA,120.12,0.92,60254900.0,-5.89,,,,,,,,,8678950.0,11.06,VOLUME_OI,VolumeAndOISpikesScans_28JUL26_Report_23_7_2026.xlsx,0,SELL,OI Reduction,Short Covering,55,MEDIUM,NEUTRAL,WATCH,HIGH,120.12,117.7176,124.9248
NUVAMA,1918.5,36.8,1512000.0,-4.7,,,,,,,,,327000.0,47.96,VOLUME_OI,VolumeAndOISpikesScans_28JUL26_Report_23_7_2026.xlsx,10,SELL,Positive Price Momentum; OI Reduction,Short Covering,55,MEDIUM,NEUTRAL,WATCH,HIGH,1918.5,1880.1299999999999,1995.24
LODHA,1164.65,2.4,14016875.0,-8.64,,,,,,,,,3111250.0,25.99,VOLUME_OI,VolumeAndOISpikesScans_28JUL26_Report_23_7_2026.xlsx,10,SELL,Positive Price Momentum; OI Reduction,Short Covering,55,MEDIUM,NEUTRAL,WATCH,HIGH,1164.65,1141.357,1211.236
FORCEMOT,17800.0,404.0,224250.0,-2.24,,,,,,,,,49850.0,29.65,VOLUME_OI,VolumeAndOISpikesScans_28JUL26_Report_23_7_2026.xlsx,10,SELL,Positive Price Momentum; OI Reduction,Short Covering,55,MEDIUM,NEUTRAL,WATCH,HIGH,17800.0,17444.0,18512.0
DMART,4070.5,60.9,4608150.0,-2.2,,,,,,,,,911700.0,33.44,VOLUME_OI,VolumeAndOISpikesScans_28JUL26_Report_23_7_2026.xlsx,10,SELL,Positive Price Momentum; OI Reduction,Short Covering,55,MEDIUM,NEUTRAL,WATCH,HIGH,4070.5,3989.09,4233.32
DALBHARAT,1866.6,2.6,4560075.0,-3.34,,,,,,,,,448825.0,-44.58,VOLUME_OI,VolumeAndOISpikesScans_28JUL26_Report_23_7_2026.xlsx,10,SELL,Positive Price Momentum; OI Reduction,Short Covering,55,MEDIUM,NEUTRAL,WATCH,HIGH,1866.6,1829.2679999999998,1941.264
COCHINSHIP,1375.7,9.5,6750400.0,-2.17,,,,,,,,,386000.0,-75.46,VOLUME_OI,VolumeAndOISpikesScans_28JUL26_Report_23_7_2026.xlsx,10,SELL,Positive Price Momentum; OI Reduction,Short Covering,55,MEDIUM,NEUTRAL,WATCH,HIGH,1375.7,1348.186,1430.728
NIFTYNXT50,72380.0,184.4,14700.0,-3.76,,,,,,,,,1000.0,-55.56,VOLUME_OI,VolumeAndOISpikesScans_28JUL26_Report_23_7_2026.xlsx,10,SELL,Positive Price Momentum; OI Reduction,Short Covering,55,MEDIUM,NEUTRAL,WATCH,HIGH,72380.0,70932.4,75275.2
SIEMENS,3678.2,36.4,3600975.0,-2.42,,,,,,,,,353500.0,12.16,VOLUME_OI,VolumeAndOISpikesScans_28JUL26_Report_23_7_2026.xlsx,10,SELL,Positive Price Momentum; OI Reduction,Short Covering,55,MEDIUM,NEUTRAL,WATCH,HIGH,3678.2,3604.636,3825.328
OIL,460.45,9.05,17491600.0,-2.74,,,,,,,,,3039400.0,23.0,VOLUME_OI,VolumeAndOISpikesScans_28JUL26_Report_23_7_2026.xlsx,10,SELL,Positive Price Momentum; OI Reduction,Short Covering,55,MEDIUM,NEUTRAL,WATCH,HIGH,460.45,451.241,478.868
INOXWIND,77.11,0.36,89100800.0,-1.59,,,,,,,,,5497600.0,-64.15,VOLUME_OI,VolumeAndOISpikesScans_28JUL26_Report_23_7_2026.xlsx,0,SELL,,Short Covering,55,MEDIUM,NEUTRAL,WATCH,HIGH,77.11,75.56779999999999,80.1944
VBL,461.35,0.7,47307600.0,-0.83,,,,,,,,,3244875.0,-61.52,VOLUME_OI,VolumeAndOISpikesScans_28JUL26_Report_23_7_2026.xlsx,0,SELL,,Short Covering,55,MEDIUM,NEUTRAL,WATCH,HIGH,461.35,452.123,479.80400000000003
PRESTIGE,1663.2,3.1,4664700.0,-0.81,,,,,,,,,571950.0,-29.07,VOLUME_OI,VolumeAndOISpikesScans_28JUL26_Report_23_7_2026.xlsx,20,SELL,Positive Price Momentum,Short Covering,55,MEDIUM,NEUTRAL,WATCH,HIGH,1663.2,1629.936,1729.728
KALYANKJIL,597.5,1.65,29176200.0,-0.21,,,,,,,,,2613600.0,-78.8,VOLUME_OI,VolumeAndOISpikesScans_28JUL26_Report_23_7_2026.xlsx,20,SELL,Positive Price Momentum,Short Covering,55,MEDIUM,NEUTRAL,WATCH,HIGH,597.5,585.55,621.4
MANKIND,2568.2,21.4,2849750.0,-0.87,,,,,,,,,235250.0,-39.17,VOLUME_OI,VolumeAndOISpikesScans_28JUL26_Report_23_7_2026.xlsx,20,SELL,Positive Price Momentum,Short Covering,55,MEDIUM,NEUTRAL,WATCH,HIGH,2568.2,2516.836,2670.928
SUNPHARMA,1942.0,2.9,12916750.0,-0.6,,,,,,,,,905100.0,-70.44,VOLUME_OI,VolumeAndOISpikesScans_28JUL26_Report_23_7_2026.xlsx,20,SELL,Positive Price Momentum,Short Covering,55,MEDIUM,NEUTRAL,WATCH,HIGH,1942.0,1903.1599999999999,2019.68
LTF,306.2,0.1,49223250.0,-0.54,,,,,,,,,3845250.0,-46.71,VOLUME_OI,VolumeAndOISpikesScans_28JUL26_Report_23_7_2026.xlsx,0,SELL,,Short Covering,55,MEDIUM,NEUTRAL,WATCH,HIGH,306.2,300.07599999999996,318.448
JIOFIN,234.86,0.43,120799400.0,-1.69,,,,,,,,,10544450.0,-62.14,VOLUME_OI,VolumeAndOISpikesScans_28JUL26_Report_23_7_2026.xlsx,0,SELL,,Short Covering,55,MEDIUM,NEUTRAL,WATCH,HIGH,234.86,230.1628,244.25440000000003
BANKEX,64512.5,-262.75,60.0,0.0,,,,,,,,,0.0,-100.0,VOLUME_OI,VolumeAndOISpikesScans_28JUL26_Report_23_7_2026.xlsx,0,SELL,Negative Price Momentum,Neutral,35,LOW,SELL,VALID SELL,HIGH,64512.5,63222.25,67093.0
NAM-INDIA,1112.7,-36.6,5815625.0,3.09,,,,,,,,,870625.0,18.45,VOLUME_OI,VolumeAndOISpikesScans_28JUL26_Report_23_7_2026.xlsx,0,SELL,Negative Price Momentum; Fresh OI Buildup,Short Buildup,20,LOW,SELL,VALID SELL,HIGH,1112.7,1090.446,1157.208
INDHOTEL,723.15,-0.8,24829000.0,3.05,,,,,,,,,1702000.0,-76.02,VOLUME_OI,VolumeAndOISpikesScans_28JUL26_Report_23_7_2026.xlsx,20,SELL,Fresh OI Buildup,Short Buildup,20,LOW,SELL,VALID SELL,HIGH,723.15,708.687,752.076
ICICIBANK,1441.6,-0.8,92911700.0,3.09,,,,,,,,,5685400.0,-42.26,VOLUME_OI,VolumeAndOISpikesScans_28JUL26_Report_23_7_2026.xlsx,20,SELL,Fresh OI Buildup,Short Buildup,20,LOW,SELL,VALID SELL,HIGH,1441.6,1412.7679999999998,1499.264
GMRAIRPORT,108.57,-1.3,119956050.0,4.24,,,,,,,,,13343175.0,54.27,VOLUME_OI,VolumeAndOISpikesScans_28JUL26_Report_23_7_2026.xlsx,15,SELL,Negative Price Momentum; Fresh OI Buildup; Volume Expansion,Short Buildup,20,LOW,SELL,VALID SELL,HIGH,108.57,106.39859999999999,112.91279999999999
MPHASIS,2270.8,-1.0,4638150.0,4.03,,,,,,,,,605550.0,-61.06,VOLUME_OI,VolumeAndOISpikesScans_28JUL26_Report_23_7_2026.xlsx,20,SELL,Fresh OI Buildup,Short Buildup,20,LOW,SELL,VALID SELL,HIGH,2270.8,2225.384,2361.632
PETRONET,270.15,-9.15,31813600.0,3.03,,,,,,,,,3074200.0,21.29,VOLUME_OI,VolumeAndOISpikesScans_28JUL26_Report_23_7_2026.xlsx,0,SELL,Negative Price Momentum; Fresh OI Buildup,Short Buildup,20,LOW,SELL,VALID SELL,HIGH,270.15,264.74699999999996,280.95599999999996
DABUR,425.05,-1.3,28466250.0,0.82,,,,,,,,,2375000.0,5.79,VOLUME_OI,VolumeAndOISpikesScans_28JUL26_Report_23_7_2026.xlsx,0,SELL,Negative Price Momentum,Short Buildup,20,LOW,SELL,VALID SELL,HIGH,425.05,416.549,442.052
LTM,3957.0,-29.0,3585600.0,4.6,,,,,,,,,345450.0,10.4,VOLUME_OI,VolumeAndOISpikesScans_28JUL26_Report_23_7_2026.xlsx,0,SELL,Negative Price Momentum; Fresh OI Buildup,Short Buildup,20,LOW,SELL,VALID SELL,HIGH,3957.0,3877.86,4115.28
NTPC,347.45,-2.65,116617500.0,2.01,,,,,,,,,6303000.0,-42.89,VOLUME_OI,VolumeAndOISpikesScans_28JUL26_Report_23_7_2026.xlsx,0,SELL,Negative Price Momentum; Fresh OI Buildup,Short Buildup,20,LOW,SELL,VALID SELL,HIGH,347.45,340.501,361.348
NYKAA,325.75,-1.7,44062500.0,0.69,,,,,,,,,3609375.0,-39.62,VOLUME_OI,VolumeAndOISpikesScans_28JUL26_Report_23_7_2026.xlsx,0,SELL,Negative Price Momentum,Short Buildup,20,LOW,SELL,VALID SELL,HIGH,325.75,319.235,338.78000000000003
SHRIRAMFIN,1056.0,-1.5,23812800.0,0.84,,,,,,,,,3075600.0,-42.24,VOLUME_OI,VolumeAndOISpikesScans_28JUL26_Report_23_7_2026.xlsx,0,SELL,Negative Price Momentum,Short Buildup,20,LOW,SELL,VALID SELL,HIGH,1056.0,1034.8799999999999,1098.24
INFY,1045.7,-8.7,98160000.0,0.86,,,,,,,,,10324400.0,-39.72,VOLUME_OI,VolumeAndOISpikesScans_28JUL26_Report_23_7_2026.xlsx,0,SELL,Negative Price Momentum,Short Buildup,20,LOW,SELL,VALID SELL,HIGH,1045.7,1024.786,1087.528
PNB,110.67,-0.02,250304000.0,1.77,,,,,,,,,19432000.0,-41.48,VOLUME_OI,VolumeAndOISpikesScans_28JUL26_Report_23_7_2026.xlsx,0,SELL,,Short Buildup,20,LOW,SELL,VALID SELL,HIGH,110.67,108.4566,115.0968
BRITANNIA,5463.5,-34.5,2059375.0,0.54,,,,,,,,,172875.0,-26.24,VOLUME_OI,VolumeAndOISpikesScans_28JUL26_Report_23_7_2026.xlsx,0,SELL,Negative Price Momentum,Short Buildup,20,LOW,SELL,VALID SELL,HIGH,5463.5,5354.23,5682.04
APOLLOHOSP,8902.0,-27.5,1966875.0,3.66,,,,,,,,,151875.0,-23.34,VOLUME_OI,VolumeAndOISpikesScans_28JUL26_Report_23_7_2026.xlsx,0,SELL,Negative Price Momentum; Fresh OI Buildup,Short Buildup,20,LOW,SELL,VALID SELL,HIGH,8902.0,8723.96,9258.08
HDFCLIFE,551.7,-0.8,39336000.0,0.79,,,,,,,,,2499200.0,-22.19,VOLUME_OI,VolumeAndOISpikesScans_28JUL26_Report_23_7_2026.xlsx,0,SELL,,Short Buildup,20,LOW,SELL,VALID SELL,HIGH,551.7,540.666,573.768
HINDPETRO,383.5,-12.4,36875250.0,2.33,,,,,,,,,7964325.0,-19.02,VOLUME_OI,VolumeAndOISpikesScans_28JUL26_Report_23_7_2026.xlsx,0,SELL,Negative Price Momentum; Fresh OI Buildup,Short Buildup,20,LOW,SELL,VALID SELL,HIGH,383.5,375.83,398.84000000000003
SOLARINDS,18842.0,-11.0,719750.0,0.28,,,,,,,,,45700.0,-43.12,VOLUME_OI,VolumeAndOISpikesScans_28JUL26_Report_23_7_2026.xlsx,0,SELL,Negative Price Momentum,Short Buildup,20,LOW,SELL,VALID SELL,HIGH,18842.0,18465.16,19595.68
BAJFINANCE,1053.3,-5.7,61369500.0,1.55,,,,,,,,,3726750.0,-46.31,VOLUME_OI,VolumeAndOISpikesScans_28JUL26_Report_23_7_2026.xlsx,0,SELL,Negative Price Momentum,Short Buildup,20,LOW,SELL,VALID SELL,HIGH,1053.3,1032.234,1095.432
ABCAPITAL,396.8,-4.0,34844000.0,2.45,,,,,,,,,3270500.0,-45.67,VOLUME_OI,VolumeAndOISpikesScans_28JUL26_Report_23_7_2026.xlsx,0,SELL,Negative Price Momentum; Fresh OI Buildup,Short Buildup,20,LOW,SELL,VALID SELL,HIGH,396.8,388.864,412.672
GODREJPROP,2063.5,-8.7,7138625.0,2.5,,,,,,,,,716300.0,-47.95,VOLUME_OI,VolumeAndOISpikesScans_28JUL26_Report_23_7_2026.xlsx,0,SELL,Negative Price Momentum; Fresh OI Buildup,Short Buildup,20,LOW,SELL,VALID SELL,HIGH,2063.5,2022.23,2146.04
DIVISLAB,7328.0,-22.5,3860000.0,8.51,,,,,,,,,390400.0,-10.07,VOLUME_OI,VolumeAndOISpikesScans_28JUL26_Report_23_7_2026.xlsx,0,SELL,Negative Price Momentum; Fresh OI Buildup,Short Buildup,20,LOW,SELL,VALID SELL,HIGH,7328.0,7181.44,7621.12
AMBUJACEM,427.25,-3.15,72088800.0,0.54,,,,,,,,,9700800.0,78.06,VOLUME_OI,VolumeAndOISpikesScans_28JUL26_Report_23_7_2026.xlsx,0,SELL,Negative Price Momentum; Volume Expansion,Short Buildup,20,LOW,SELL,VALID SELL,HIGH,427.25,418.705,444.34000000000003
INDUSINDBK,1015.0,-53.7,33196100.0,3.1,,,,,,,,,6881000.0,-24.24,VOLUME_OI,VolumeAndOISpikesScans_28JUL26_Report_23_7_2026.xlsx,0,SELL,Negative Price Momentum; Fresh OI Buildup,Short Buildup,20,LOW,SELL,VALID SELL,HIGH,1015.0,994.6999999999999,1055.6000000000001
DRREDDY,1154.0,-28.9,13593125.0,1.89,,,,,,,,,4266875.0,-15.17,VOLUME_OI,VolumeAndOISpikesScans_28JUL26_Report_23_7_2026.xlsx,0,SELL,Negative Price Momentum,Short Buildup,20,LOW,SELL,VALID SELL,HIGH,1154.0,1130.92,1200.16
PNBHOUSING,1071.8,-11.6,6779500.0,1.57,,,,,,,,,593450.0,-15.77,VOLUME_OI,VolumeAndOISpikesScans_28JUL26_Report_23_7_2026.xlsx,0,SELL,Negative Price Momentum,Short Buildup,20,LOW,SELL,VALID SELL,HIGH,1071.8,1050.364,1114.672
INDUSTOWER,393.5,-3.0,83169100.0,0.67,,,,,,,,,7464700.0,7.31,VOLUME_OI,VolumeAndOISpikesScans_28JUL26_Report_23_7_2026.xlsx,0,SELL,Negative Price Momentum,Short Buildup,20,LOW,SELL,VALID SELL,HIGH,393.5,385.63,409.24
ADANIGREEN,1390.6,-80.9,22842000.0,11.38,,,,,,,,,4949400.0,-28.3,VOLUME_OI,VolumeAndOISpikesScans_28JUL26_Report_23_7_2026.xlsx,0,SELL,Negative Price Momentum; Fresh OI Buildup,Short Buildup,20,LOW,SELL,VALID SELL,HIGH,1390.6,1362.7879999999998,1446.224
MFSL,1516.6,-7.2,8364400.0,0.64,,,,,,,,,349600.0,-28.18,VOLUME_OI,VolumeAndOISpikesScans_28JUL26_Report_23_7_2026.xlsx,0,SELL,Negative Price Momentum,Short Buildup,20,LOW,SELL,VALID SELL,HIGH,1516.6,1486.2679999999998,1577.264
BEL,405.95,-1.45,85508550.0,0.59,,,,,,,,,4159575.0,-44.36,VOLUME_OI,VolumeAndOISpikesScans_28JUL26_Report_23_7_2026.xlsx,0,SELL,Negative Price Momentum,Short Buildup,20,LOW,SELL,VALID SELL,HIGH,405.95,397.83099999999996,422.188
IOC,141.73,-0.36,133887000.0,0.72,,,,,,,,,8165625.0,-45.65,VOLUME_OI,VolumeAndOISpikesScans_28JUL26_Report_23_7_2026.xlsx,0,SELL,,Short Buildup,20,LOW,SELL,VALID SELL,HIGH,141.73,138.8954,147.3992
AXISBANK,1236.9,-3.7,64043750.0,1.27,,,,,,,,,2811875.0,-45.66,VOLUME_OI,VolumeAndOISpikesScans_28JUL26_Report_23_7_2026.xlsx,0,SELL,Negative Price Momentum,Short Buildup,20,LOW,SELL,VALID SELL,HIGH,1236.9,1212.162,1286.3760000000002
BANKBARODA,244.35,-1.1,107947125.0,1.91,,,,,,,,,6177600.0,-48.16,VOLUME_OI,VolumeAndOISpikesScans_28JUL26_Report_23_7_2026.xlsx,0,SELL,Negative Price Momentum,Short Buildup,20,LOW,SELL,VALID SELL,HIGH,244.35,239.463,254.124
ALKEM,5537.0,-50.0,1524000.0,1.57,,,,,,,,,98750.0,-50.75,VOLUME_OI,VolumeAndOISpikesScans_28JUL26_Report_23_7_2026.xlsx,0,SELL,Negative Price Momentum,Short Buildup,20,LOW,SELL,VALID SELL,HIGH,5537.0,5426.26,5758.4800000000005
CROMPTON,249.5,-3.9,52771750.0,1.29,,,,,,,,,3033650.0,-49.44,VOLUME_OI,VolumeAndOISpikesScans_28JUL26_Report_23_7_2026.xlsx,0,SELL,Negative Price Momentum,Short Buildup,20,LOW,SELL,VALID SELL,HIGH,249.5,244.51,259.48
ICICIPRULI,496.65,-2.4,17806250.0,0.22,,,,,,,,,1453175.0,-51.39,VOLUME_OI,VolumeAndOISpikesScans_28JUL26_Report_23_7_2026.xlsx,0,SELL,Negative Price Momentum,Short Buildup,20,LOW,SELL,VALID SELL,HIGH,496.65,486.717,516.516
HDFCBANK,748.85,-5.4,201210750.0,1.29,,,,,,,,,14266200.0,-71.95,VOLUME_OI,VolumeAndOISpikesScans_28JUL26_Report_23_7_2026.xlsx,0,SELL,Negative Price Momentum,Short Buildup,20,LOW,SELL,VALID SELL,HIGH,748.85,733.873,778.8040000000001
YESBANK,23.05,-0.16,1053947900.0,0.04,,,,,,,,,41767300.0,-74.13,VOLUME_OI,VolumeAndOISpikesScans_28JUL26_Report_23_7_2026.xlsx,0,SELL,,Short Buildup,20,LOW,SELL,VALID SELL,HIGH,23.05,22.589,23.972
JSWSTEEL,1264.4,-1.5,30674700.0,1.44,,,,,,,,,1364175.0,-84.16,VOLUME_OI,VolumeAndOISpikesScans_28JUL26_Report_23_7_2026.xlsx,0,SELL,Negative Price Momentum,Short Buildup,20,LOW,SELL,VALID SELL,HIGH,1264.4,1239.112,1314.976
MIDCPNIFTY,14586.15,-39.95,2053920.0,0.35,,,,,,,,,77400.0,-76.18,VOLUME_OI,VolumeAndOISpikesScans_28JUL26_Report_23_7_2026.xlsx,0,SELL,Negative Price Momentum,Short Buildup,20,LOW,SELL,VALID SELL,HIGH,14586.15,14294.427,15169.596
BANDHANBNK,170.94,-2.36,68068800.0,2.07,,,,,,,,,10080000.0,-90.59,VOLUME_OI,VolumeAndOISpikesScans_28JUL26_Report_23_7_2026.xlsx,0,SELL,Negative Price Momentum; Fresh OI Buildup,Short Buildup,20,LOW,SELL,VALID SELL,HIGH,170.94,167.5212,177.7776
BHEL,413.5,-2.6,73122000.0,0.88,,,,,,,,,3577875.0,-70.12,VOLUME_OI,VolumeAndOISpikesScans_28JUL26_Report_23_7_2026.xlsx,0,SELL,Negative Price Momentum,Short Buildup,20,LOW,SELL,VALID SELL,HIGH,413.5,405.23,430.04
SUPREMEIND,3432.5,-19.0,2015125.0,0.52,,,,,,,,,129850.0,-66.65,VOLUME_OI,VolumeAndOISpikesScans_28JUL26_Report_23_7_2026.xlsx,0,SELL,Negative Price Momentum,Short Buildup,20,LOW,SELL,VALID SELL,HIGH,3432.5,3363.85,3569.8
SENSEX,76730.1,-63.95,45100.0,0.53,,,,,,,,,5540.0,-72.82,VOLUME_OI,VolumeAndOISpikesScans_28JUL26_Report_23_7_2026.xlsx,0,SELL,Negative Price Momentum,Short Buildup,20,LOW,SELL,VALID SELL,HIGH,76730.1,75195.498,79799.304
AMBER,7430.0,-51.0,1287900.0,0.44,,,,,,,,,90700.0,-70.45,VOLUME_OI,VolumeAndOISpikesScans_28JUL26_Report_23_7_2026.xlsx,0,SELL,Negative Price Momentum,Short Buildup,20,LOW,SELL,VALID SELL,HIGH,7430.0,7281.4,7727.2
GVT&D,4480.8,-11.4,1803500.0,2.75,,,,,,,,,143250.0,-55.97,VOLUME_OI,VolumeAndOISpikesScans_28JUL26_Report_23_7_2026.xlsx,0,SELL,Negative Price Momentum; Fresh OI Buildup,Short Buildup,20,LOW,SELL,VALID SELL,HIGH,4480.8,4391.184,4660.032
AUBANK,977.0,-4.8,19430000.0,1.28,,,,,,,,,1508000.0,-52.34,VOLUME_OI,VolumeAndOISpikesScans_28JUL26_Report_23_7_2026.xlsx,0,SELL,Negative Price Momentum,Short Buildup,20,LOW,SELL,VALID SELL,HIGH,977.0,957.46,1016.08
CHOLAFIN,1723.3,-4.6,13213750.0,2.64,,,,,,,,,870000.0,-61.81,VOLUME_OI,VolumeAndOISpikesScans_28JUL26_Report_23_7_2026.xlsx,0,SELL,Negative Price Momentum; Fresh OI Buildup,Short Buildup,20,LOW,SELL,VALID SELL,HIGH,1723.3,1688.8339999999998,1792.232
IDFCFIRSTB,80.64,-0.2,317585275.0,1.76,,,,,,,,,14506100.0,-65.85,VOLUME_OI,VolumeAndOISpikesScans_28JUL26_Report_23_7_2026.xlsx,0,SELL,,Short Buildup,20,LOW,SELL,VALID SELL,HIGH,80.64,79.0272,83.8656
LUPIN,2415.4,-0.3,5076200.0,0.93,,,,,,,,,450075.0,-63.73,VOLUME_OI,VolumeAndOISpikesScans_28JUL26_Report_23_7_2026.xlsx,0,SELL,,Short Buildup,20,LOW,SELL,VALID SELL,HIGH,2415.4,2367.092,2512.016
VMM,109.66,-2.29,38712700.0,4.5,,,,,,,,,4127350.0,-62.76,VOLUME_OI,VolumeAndOISpikesScans_28JUL26_Report_23_7_2026.xlsx,0,SELL,Negative Price Momentum; Fresh OI Buildup,Short Buildup,20,LOW,SELL,VALID SELL,HIGH,109.66,107.46679999999999,114.0464
RELIANCE,1287.1,-2.9,89082000.0,0.7,,,,,,,,,3850500.0,-62.34,VOLUME_OI,VolumeAndOISpikesScans_28JUL26_Report_23_7_2026.xlsx,0,SELL,Negative Price Momentum,Short Buildup,20,LOW,SELL,VALID SELL,HIGH,1287.1,1261.358,1338.584
PIDILITIND,1586.5,-9.4,6615500.0,1.17,,,,,,,,,418500.0,-55.12,VOLUME_OI,VolumeAndOISpikesScans_28JUL26_Report_23_7_2026.xlsx,0,SELL,Negative Price Momentum,Short Buildup,20,LOW,SELL,VALID SELL,HIGH,1586.5,1554.77,1649.96
INDIGO,5108.0,-2.0,5498250.0,1.44,,,,,,,,,667650.0,-52.2,VOLUME_OI,VolumeAndOISpikesScans_28JUL26_Report_23_7_2026.xlsx,0,SELL,Negative Price Momentum,Short Buildup,20,LOW,SELL,VALID SELL,HIGH,5108.0,5005.84,5312.320000000001
NAUKRI,1165.2,-20.9,12811150.0,1.2,,,,,,,,,889900.0,-55.83,VOLUME_OI,VolumeAndOISpikesScans_28JUL26_Report_23_7_2026.xlsx,0,SELL,Negative Price Momentum,Short Buildup,20,LOW,SELL,VALID SELL,HIGH,1165.2,1141.896,1211.808
ADANIENSOL,1678.9,-47.0,19820700.0,1.97,,,,,,,,,3688875.0,33.55,VOLUME_OI,VolumeAndOISpikesScans_28JUL26_Report_23_7_2026.xlsx,0,SELL,Negative Price Momentum,Short Buildup,20,LOW,SELL,VALID SELL,HIGH,1678.9,1645.3220000000001,1746.0560000000003
CIPLA,1406.3,-7.3,13319075.0,12.23,,,,,,,,,2545750.0,38.85,VOLUME_OI,VolumeAndOISpikesScans_28JUL26_Report_23_7_2026.xlsx,0,SELL,Negative Price Momentum; Fresh OI Buildup,Short Buildup,20,LOW,SELL,VALID SELL,HIGH,1406.3,1378.174,1462.552
SONACOMS,725.05,-3.95,14608125.0,0.23,,,,,,,,,2910600.0,-3.96,VOLUME_OI,VolumeAndOISpikesScans_28JUL26_Report_23_7_2026.xlsx,0,SELL,Negative Price Momentum,Short Buildup,20,LOW,SELL,VALID SELL,HIGH,725.05,710.549,754.052
ADANIPORTS,1802.0,-18.0,17192625.0,3.5,,,,,,,,,1321925.0,-17.91,VOLUME_OI,VolumeAndOISpikesScans_28JUL26_Report_23_7_2026.xlsx,0,SELL,Negative Price Momentum; Fresh OI Buildup,Short Buildup,20,LOW,SELL,VALID SELL,HIGH,1802.0,1765.96,1874.0800000000002
POLICYBZR,1545.7,-8.3,10420200.0,0.27,,,,,,,,,556150.0,-12.45,VOLUME_OI,VolumeAndOISpikesScans_28JUL26_Report_23_7_2026.xlsx,0,SELL,Negative Price Momentum,Short Buildup,20,LOW,SELL,VALID SELL,HIGH,1545.7,1514.786,1607.528
ADANIENT,3078.1,-65.2,15413538.0,0.06,,,,,,,,,1418310.0,-14.72,VOLUME_OI,VolumeAndOISpikesScans_28JUL26_Report_23_7_2026.xlsx,0,SELL,Negative Price Momentum,Short Buildup,20,LOW,SELL,VALID SELL,HIGH,3078.1,3016.538,3201.224
PERSISTENT,5072.1,-9.7,4560750.0,2.32,,,,,,,,,321125.0,-53.36,VOLUME_OI,VolumeAndOISpikesScans_28JUL26_Report_23_7_2026.xlsx,0,SELL,Negative Price Momentum; Fresh OI Buildup,Short Buildup,20,LOW,SELL,VALID SELL,HIGH,5072.1,4970.658,5274.984
SBIN,1023.3,-0.7,53434500.0,1.66,,,,,,,,,3027750.0,-69.97,VOLUME_OI,VolumeAndOISpikesScans_28JUL26_Report_23_7_2026.xlsx,0,SELL,,Short Buildup,20,LOW,SELL,VALID SELL,HIGH,1023.3,1002.834,1064.232
CAMS,764.15,-8.35,6657750.0,1.13,,,,,,,,,368775.0,-54.06,VOLUME_OI,VolumeAndOISpikesScans_28JUL26_Report_23_7_2026.xlsx,0,SELL,Negative Price Momentum,Short Buildup,20,LOW,SELL,VALID SELL,HIGH,764.15,748.867,794.716
IEX,123.46,-0.11,71248650.0,-1.37,,,,,,,,,3066750.0,-46.18,VOLUME_OI,VolumeAndOISpikesScans_28JUL26_Report_23_7_2026.xlsx,0,SELL,,Long Unwinding,15,LOW,SELL,VALID SELL,HIGH,123.46,120.9908,128.3984
HINDUNILVR,2156.3,-0.2,17225400.0,-0.26,,,,,,,,,908400.0,-50.46,VOLUME_OI,VolumeAndOISpikesScans_28JUL26_Report_23_7_2026.xlsx,0,SELL,,Long Unwinding,15,LOW,SELL,VALID SELL,HIGH,2156.3,2113.174,2242.552
TATAELXSI,3410.9,-4.1,3224375.0,-1.25,,,,,,,,,182250.0,-49.0,VOLUME_OI,VolumeAndOISpikesScans_28JUL26_Report_23_7_2026.xlsx,0,SELL,Negative Price Momentum,Long Unwinding,15,LOW,SELL,VALID SELL,HIGH,3410.9,3342.6820000000002,3547.3360000000002
MCX,2762.9,-49.2,7339725.0,-1.05,,,,,,,,,532575.0,-47.69,VOLUME_OI,VolumeAndOISpikesScans_28JUL26_Report_23_7_2026.xlsx,0,SELL,Negative Price Momentum,Long Unwinding,15,LOW,SELL,VALID SELL,HIGH,2762.9,2707.642,2873.416
GAIL,171.56,-1.36,69998900.0,-1.6,,,,,,,,,6794700.0,31.1,VOLUME_OI,VolumeAndOISpikesScans_28JUL26_Report_23_7_2026.xlsx,0,SELL,Negative Price Momentum,Long Unwinding,15,LOW,SELL,VALID SELL,HIGH,171.56,168.1288,178.4224
COLPAL,2112.6,-3.5,4444825.0,-0.97,,,,,,,,,364375.0,-9.74,VOLUME_OI,VolumeAndOISpikesScans_28JUL26_Report_23_7_2026.xlsx,0,SELL,Negative Price Momentum,Long Unwinding,15,LOW,SELL,VALID SELL,HIGH,2112.6,2070.348,2197.104
BHARTIARTL,1913.9,-15.9,31002775.0,-0.02,,,,,,,,,1265400.0,-49.27,VOLUME_OI,VolumeAndOISpikesScans_28JUL26_Report_23_7_2026.xlsx,0,SELL,Negative Price Momentum,Long Unwinding,15,LOW,SELL,VALID SELL,HIGH,1913.9,1875.622,1990.4560000000001
GRASIM,3156.7,-11.7,9422000.0,-0.91,,,,,,,,,1129750.0,-48.71,VOLUME_OI,VolumeAndOISpikesScans_28JUL26_Report_23_7_2026.xlsx,0,SELL,Negative Price Momentum,Long Unwinding,15,LOW,SELL,VALID SELL,HIGH,3156.7,3093.566,3282.968
CDSL,1335.4,-4.6,9266775.0,-2.27,,,,,,,,,590900.0,-50.63,VOLUME_OI,VolumeAndOISpikesScans_28JUL26_Report_23_7_2026.xlsx,0,SELL,Negative Price Momentum; OI Reduction,Long Unwinding,15,LOW,SELL,VALID SELL,HIGH,1335.4,1308.692,1388.816
COFORGE,1469.5,-2.4,17233475.0,-2.24,,,,,,,,,1733750.0,16.58,VOLUME_OI,VolumeAndOISpikesScans_28JUL26_Report_23_7_2026.xlsx,0,SELL,Negative Price Momentum; OI Reduction,Long Unwinding,15,LOW,SELL,VALID SELL,HIGH,1469.5,1440.11,1528.28
IDEA,13.32,-0.23,4893964725.0,-0.18,,,,,,,,,350227500.0,-18.14,VOLUME_OI,VolumeAndOISpikesScans_28JUL26_Report_23_7_2026.xlsx,0,SELL,,Long Unwinding,15,LOW,SELL,VALID SELL,HIGH,13.32,13.0536,13.8528
UNIONBANK,169.53,-1.25,115616400.0,-1.56,,,,,,,,,10044750.0,-20.49,VOLUME_OI,VolumeAndOISpikesScans_28JUL26_Report_23_7_2026.xlsx,0,SELL,Negative Price Momentum,Long Unwinding,15,LOW,SELL,VALID SELL,HIGH,169.53,166.1394,176.3112
SUZLON,52.78,-0.18,386638800.0,-2.64,,,,,,,,,45224700.0,-25.77,VOLUME_OI,VolumeAndOISpikesScans_28JUL26_Report_23_7_2026.xlsx,0,SELL,OI Reduction,Long Unwinding,15,LOW,SELL,VALID SELL,HIGH,52.78,51.7244,54.891200000000005
MARICO,853.95,-7.1,11918400.0,-0.33,,,,,,,,,1350000.0,-29.73,VOLUME_OI,VolumeAndOISpikesScans_28JUL26_Report_23_7_2026.xlsx,0,SELL,Negative Price Momentum,Long Unwinding,15,LOW,SELL,VALID SELL,HIGH,853.95,836.871,888.1080000000001
GODFRYPHLP,2056.8,-12.0,1660175.0,-2.83,,,,,,,,,156750.0,-29.02,VOLUME_OI,VolumeAndOISpikesScans_28JUL26_Report_23_7_2026.xlsx,0,SELL,Negative Price Momentum; OI Reduction,Long Unwinding,15,LOW,SELL,VALID SELL,HIGH,2056.8,2015.6640000000002,2139.072
IRFC,86.99,-0.08,86881375.0,-3.63,,,,,,,,,8544375.0,-12.01,VOLUME_OI,VolumeAndOISpikesScans_28JUL26_Report_23_7_2026.xlsx,0,SELL,OI Reduction,Long Unwinding,15,LOW,SELL,VALID SELL,HIGH,86.99,85.25019999999999,90.4696
PFC,410.85,-1.7,48265100.0,-1.85,,,,,,,,,2433600.0,-15.37,VOLUME_OI,VolumeAndOISpikesScans_28JUL26_Report_23_7_2026.xlsx,0,SELL,Negative Price Momentum,Long Unwinding,15,LOW,SELL,VALID SELL,HIGH,410.85,402.63300000000004,427.28400000000005
ITC,280.6,-0.5,121160550.0,-1.81,,,,,,,,,7731450.0,-38.13,VOLUME_OI,VolumeAndOISpikesScans_28JUL26_Report_23_7_2026.xlsx,0,SELL,,Long Unwinding,15,LOW,SELL,VALID SELL,HIGH,280.6,274.988,291.824
ASTRAL,1409.7,-0.6,7733300.0,-2.09,,,,,,,,,773500.0,-39.03,VOLUME_OI,VolumeAndOISpikesScans_28JUL26_Report_23_7_2026.xlsx,0,SELL,OI Reduction,Long Unwinding,15,LOW,SELL,VALID SELL,HIGH,1409.7,1381.506,1466.0880000000002
ASIANPAINT,2682.4,-9.2,6720750.0,-0.44,,,,,,,,,403000.0,-29.7,VOLUME_OI,VolumeAndOISpikesScans_28JUL26_Report_23_7_2026.xlsx,0,SELL,Negative Price Momentum,Long Unwinding,15,LOW,SELL,VALID SELL,HIGH,2682.4,2628.752,2789.6960000000004
RVNL,223.15,-0.47,34524875.0,-2.3,,,,,,,,,2200275.0,-39.23,VOLUME_OI,VolumeAndOISpikesScans_28JUL26_Report_23_7_2026.xlsx,0,SELL,OI Reduction,Long Unwinding,15,LOW,SELL,VALID SELL,HIGH,223.15,218.687,232.07600000000002
KPITTECH,554.0,-0.6,13373400.0,-2.93,,,,,,,,,1294250.0,-15.95,VOLUME_OI,VolumeAndOISpikesScans_28JUL26_Report_23_7_2026.xlsx,0,SELL,OI Reduction,Long Unwinding,15,LOW,SELL,VALID SELL,HIGH,554.0,542.92,576.16
TORNTPHARM,5003.1,-26.5,3580875.0,-0.17,,,,,,,,,515500.0,56.81,VOLUME_OI,VolumeAndOISpikesScans_28JUL26_Report_23_7_2026.xlsx,0,SELL,Negative Price Momentum; Volume Expansion,Long Unwinding,15,LOW,SELL,VALID SELL,HIGH,5003.1,4903.0380000000005,5203.224
OBEROIRLTY,1829.0,-11.7,5936350.0,-2.53,,,,,,,,,637700.0,-8.03,VOLUME_OI,VolumeAndOISpikesScans_28JUL26_Report_23_7_2026.xlsx,0,SELL,Negative Price Momentum; OI Reduction,Long Unwinding,15,LOW,SELL,VALID SELL,HIGH,1829.0,1792.42,1902.16
PAGEIND,39860.0,-35.0,273140.0,-3.27,,,,,,,,,25660.0,-4.61,VOLUME_OI,VolumeAndOISpikesScans_28JUL26_Report_23_7_2026.xlsx,0,SELL,Negative Price Momentum; OI Reduction,Long Unwinding,15,LOW,SELL,VALID SELL,HIGH,39860.0,39062.8,41454.4
TITAN,4695.4,-20.9,4941825.0,-0.02,,,,,,,,,263900.0,-56.57,VOLUME_OI,VolumeAndOISpikesScans_28JUL26_Report_23_7_2026.xlsx,0,SELL,Negative Price Momentum,Long Unwinding,15,LOW,SELL,VALID SELL,HIGH,4695.4,4601.491999999999,4883.215999999999
RADICO,4089.2,-52.3,545400.0,-0.14,,,,,,,,,42900.0,-54.89,VOLUME_OI,VolumeAndOISpikesScans_28JUL26_Report_23_7_2026.xlsx,0,SELL,Negative Price Momentum,Long Unwinding,15,LOW,SELL,VALID SELL,HIGH,4089.2,4007.4159999999997,4252.768
NIFTY,23977.7,-10.7,14200420.0,-1.72,,,,,,,,,1244035.0,-57.07,VOLUME_OI,VolumeAndOISpikesScans_28JUL26_Report_23_7_2026.xlsx,0,SELL,Negative Price Momentum,Long Unwinding,15,LOW,SELL,VALID SELL,HIGH,23977.7,23498.146,24936.808
SBICARD,621.2,-4.0,22700800.0,-2.49,,,,,,,,,2462400.0,-60.55,VOLUME_OI,VolumeAndOISpikesScans_28JUL26_Report_23_7_2026.xlsx,0,SELL,Negative Price Momentum; OI Reduction,Long Unwinding,15,LOW,SELL,VALID SELL,HIGH,621.2,608.7760000000001,646.0480000000001
KFINTECH,878.4,-3.1,5177875.0,-0.03,,,,,,,,,281175.0,-63.53,VOLUME_OI,VolumeAndOISpikesScans_28JUL26_Report_23_7_2026.xlsx,0,SELL,Negative Price Momentum,Long Unwinding,15,LOW,SELL,VALID SELL,HIGH,878.4,860.832,913.5360000000001
LAURUSLABS,1576.1,-1.2,11950150.0,-4.5,,,,,,,,,1376150.0,-64.53,VOLUME_OI,VolumeAndOISpikesScans_28JUL26_Report_23_7_2026.xlsx,0,SELL,Negative Price Momentum; OI Reduction,Long Unwinding,15,LOW,SELL,VALID SELL,HIGH,1576.1,1544.578,1639.144
BSE,3618.8,-21.2,7616800.0,-0.73,,,,,,,,,489000.0,-64.76,VOLUME_OI,VolumeAndOISpikesScans_28JUL26_Report_23_7_2026.xlsx,0,SELL,Negative Price Momentum,Long Unwinding,15,LOW,SELL,VALID SELL,HIGH,3618.8,3546.424,3763.552
MOTILALOFS,942.2,-4.1,5208000.0,-2.41,,,,,,,,,470425.0,-47.58,VOLUME_OI,VolumeAndOISpikesScans_28JUL26_Report_23_7_2026.xlsx,0,SELL,Negative Price Momentum; OI Reduction,Long Unwinding,15,LOW,SELL,VALID SELL,HIGH,942.2,923.356,979.888
ANGELONE,310.1,-2.9,24150000.0,-2.94,,,,,,,,,2132500.0,-65.07,VOLUME_OI,VolumeAndOISpikesScans_28JUL26_Report_23_7_2026.xlsx,0,SELL,Negative Price Momentum; OI Reduction,Long Unwinding,15,LOW,SELL,VALID SELL,HIGH,310.1,303.898,322.504
TECHM,1559.6,-0.8,19172400.0,-1.58,,,,,,,,,1372200.0,-47.36,VOLUME_OI,VolumeAndOISpikesScans_28JUL26_Report_23_7_2026.xlsx,0,SELL,,Long Unwinding,15,LOW,SELL,VALID SELL,HIGH,1559.6,1528.408,1621.984
LICI,423.0,-1.1,20220200.0,-0.92,,,,,,,,,971600.0,-65.86,VOLUME_OI,VolumeAndOISpikesScans_28JUL26_Report_23_7_2026.xlsx,0,SELL,Negative Price Momentum,Long Unwinding,15,LOW,SELL,VALID SELL,HIGH,423.0,414.54,439.92
TATAPOWER,377.95,-0.75,53383200.0,-0.08,,,,,,,,,1842950.0,-65.66,VOLUME_OI,VolumeAndOISpikesScans_28JUL26_Report_23_7_2026.xlsx,0,SELL,,Long Unwinding,15,LOW,SELL,VALID SELL,HIGH,377.95,370.39099999999996,393.068
ZYDUSLIFE,1119.9,-4.4,9002700.0,-1.62,,,,,,,,,1119600.0,-47.58,VOLUME_OI,VolumeAndOISpikesScans_28JUL26_Report_23_7_2026.xlsx,0,SELL,Negative Price Momentum,Long Unwinding,15,LOW,SELL,VALID SELL,HIGH,1119.9,1097.5020000000002,1164.6960000000001
CGPOWER,906.9,-6.0,19433550.0,-0.17,,,,,,,,,1810500.0,-51.92,VOLUME_OI,VolumeAndOISpikesScans_28JUL26_Report_23_7_2026.xlsx,0,SELL,Negative Price Momentum,Long Unwinding,15,LOW,SELL,VALID SELL,HIGH,906.9,888.762,943.176
TMPV,327.85,-0.2,81691200.0,-0.55,,,,,,,,,3939200.0,-57.06,VOLUME_OI,VolumeAndOISpikesScans_28JUL26_Report_23_7_2026.xlsx,0,SELL,,Long Unwinding,15,LOW,SELL,VALID SELL,HIGH,327.85,321.293,340.96400000000006
RECLTD,359.4,-0.45,38028375.0,-2.37,,,,,,,,,1973475.0,-58.67,VOLUME_OI,VolumeAndOISpikesScans_28JUL26_Report_23_7_2026.xlsx,0,SELL,OI Reduction,Long Unwinding,15,LOW,SELL,VALID SELL,HIGH,359.4,352.212,373.776
BANKINDIA,143.89,-0.4,88472800.0,-0.72,,,,,,,,,3905200.0,-68.47,VOLUME_OI,VolumeAndOISpikesScans_28JUL26_Report_23_7_2026.xlsx,0,SELL,,Long Unwinding,15,LOW,SELL,VALID SELL,HIGH,143.89,141.01219999999998,149.6456
NBCC,94.25,-0.55,94939000.0,-0.56,,,,,,,,,4244500.0,-68.3,VOLUME_OI,VolumeAndOISpikesScans_28JUL26_Report_23_7_2026.xlsx,0,SELL,,Long Unwinding,15,LOW,SELL,VALID SELL,HIGH,94.25,92.365,98.02000000000001
JSWENERGY,561.4,-1.5,23005000.0,-0.25,,,,,,,,,2304800.0,-66.56,VOLUME_OI,VolumeAndOISpikesScans_28JUL26_Report_23_7_2026.xlsx,0,SELL,Negative Price Momentum,Long Unwinding,15,LOW,SELL,VALID SELL,HIGH,561.4,550.1719999999999,583.856
TATASTEEL,185.43,-1.13,150155500.0,-0.02,,,,,,,,,7447000.0,-67.74,VOLUME_OI,VolumeAndOISpikesScans_28JUL26_Report_23_7_2026.xlsx,0,SELL,Negative Price Momentum,Long Unwinding,15,LOW,SELL,VALID SELL,HIGH,185.43,181.72140000000002,192.84720000000002
SAIL,160.69,-0.87,179478900.0,-0.97,,,,,,,,,5635300.0,-73.33,VOLUME_OI,VolumeAndOISpikesScans_28JUL26_Report_23_7_2026.xlsx,0,SELL,,Long Unwinding,15,LOW,SELL,VALID SELL,HIGH,160.69,157.4762,167.1176
RBLBANK,353.8,-1.25,42335450.0,-2.2,,,,,,,,,3044825.0,-71.96,VOLUME_OI,VolumeAndOISpikesScans_28JUL26_Report_23_7_2026.xlsx,0,SELL,Negative Price Momentum; OI Reduction,Long Unwinding,15,LOW,SELL,VALID SELL,HIGH,353.8,346.724,367.952
BIOCON,434.25,-3.25,43920000.0,-0.53,,,,,,,,,2940000.0,-73.69,VOLUME_OI,VolumeAndOISpikesScans_28JUL26_Report_23_7_2026.xlsx,0,SELL,Negative Price Momentum,Long Unwinding,15,LOW,SELL,VALID SELL,HIGH,434.25,425.565,451.62
BLUESTARCO,1657.8,-0.2,2770950.0,-0.61,,,,,,,,,245700.0,-66.23,VOLUME_OI,VolumeAndOISpikesScans_28JUL26_Report_23_7_2026.xlsx,0,SELL,,Long Unwinding,15,LOW,SELL,VALID SELL,HIGH,1657.8,1624.644,1724.112
NMDC,83.23,-0.22,349933500.0,-0.54,,,,,,,,,8518500.0,-66.46,VOLUME_OI,VolumeAndOISpikesScans_28JUL26_Report_23_7_2026.xlsx,0,SELL,,Long Unwinding,15,LOW,SELL,VALID SELL,HIGH,83.23,81.5654,86.5592
BANKNIFTY,56959.8,-238.8,1989420.0,-0.12,,,,,,,,,142800.0,-81.65,VOLUME_OI,VolumeAndOISpikesScans_28JUL26_Report_23_7_2026.xlsx,0,SELL,Negative Price Momentum,Long Unwinding,15,LOW,SELL,VALID SELL,HIGH,56959.8,55820.604,59238.192
POLYCAB,9114.5,-10.0,2362500.0,-1.6,,,,,,,,,275000.0,-74.2,VOLUME_OI,VolumeAndOISpikesScans_28JUL26_Report_23_7_2026.xlsx,0,SELL,Negative Price Momentum,Long Unwinding,15,LOW,SELL,VALID SELL,HIGH,9114.5,8932.21,9479.08
SRF,2782.0,-72.3,3861000.0,-0.62,,,,,,,,,961800.0,-75.57,VOLUME_OI,VolumeAndOISpikesScans_28JUL26_Report_23_7_2026.xlsx,0,SELL,Negative Price Momentum,Long Unwinding,15,LOW,SELL,VALID SELL,HIGH,2782.0,2726.36,2893.28
LICHSGFIN,536.45,-1.55,16491000.0,-1.03,,,,,,,,,729000.0,-80.33,VOLUME_OI,VolumeAndOISpikesScans_28JUL26_Report_23_7_2026.xlsx,0,SELL,Negative Price Momentum,Long Unwinding,15,LOW,SELL,VALID SELL,HIGH,536.45,525.721,557.908
EXIDEIND,443.6,-3.95,19276200.0,-0.07,,,,,,,,,864000.0,-82.51,VOLUME_OI,VolumeAndOISpikesScans_28JUL26_Report_23_7_2026.xlsx,0,SELL,Negative Price Momentum,Long Unwinding,15,LOW,SELL,VALID SELL,HIGH,443.6,434.728,461.34400000000005
ADANIPOWER,214.8,-2.0,140569350.0,-0.05,,,,,,,,,9144800.0,-80.43,VOLUME_OI,VolumeAndOISpikesScans_28JUL26_Report_23_7_2026.xlsx,0,SELL,Negative Price Momentum,Long Unwinding,15,LOW,SELL,VALID SELL,HIGH,214.8,210.50400000000002,223.39200000000002
AUROPHARMA,1529.7,-1.9,8267050.0,-1.12,,,,,,,,,462000.0,-83.54,VOLUME_OI,VolumeAndOISpikesScans_28JUL26_Report_23_7_2026.xlsx,0,SELL,Negative Price Momentum,Long Unwinding,15,LOW,SELL,VALID SELL,HIGH,1529.7,1499.106,1590.8880000000001
NESTLEIND,1457.6,-40.6,10550500.0,-1.2,,,,,,,,,1210500.0,-87.04,VOLUME_OI,VolumeAndOISpikesScans_28JUL26_Report_23_7_2026.xlsx,0,SELL,Negative Price Momentum,Long Unwinding,15,LOW,SELL,VALID SELL,HIGH,1457.6,1428.4479999999999,1515.904
FINNIFTY,26187.2,-45.4,26580.0,-0.45,,,,,,,,,1080.0,-85.83,VOLUME_OI,VolumeAndOISpikesScans_28JUL26_Report_23_7_2026.xlsx,0,SELL,Negative Price Momentum,Long Unwinding,15,LOW,SELL,VALID SELL,HIGH,26187.2,25663.456000000002,27234.688000000002
COALINDIA,428.95,-0.65,59277150.0,-0.75,,,,,,,,,2161350.0,-88.69,VOLUME_OI,VolumeAndOISpikesScans_28JUL26_Report_23_7_2026.xlsx,0,SELL,,Long Unwinding,15,LOW,SELL,VALID SELL,HIGH,428.95,420.371,446.108
FOCIT,34355.0,-127.0,6345.0,-0.7,,,,,,,,,90.0,-91.67,VOLUME_OI,VolumeAndOISpikesScans_28JUL26_Report_23_7_2026.xlsx,0,SELL,Negative Price Momentum,Long Unwinding,15,LOW,SELL,VALID SELL,HIGH,34355.0,33667.9,35729.200000000004
