File,Size,Imported_By,Referenced_By,Group
accuracy_calibration_engine.py,42,0,0,CORE_ENGINE
accuracy_monitoring_governance.py,45,0,0,UNCLASSIFIED
accuracy_tracker.py,61,0,0,UNCLASSIFIED
adaptive_config.py,159,0,0,LEARNING
adaptive_model_engine.py,116,0,0,CORE_ENGINE
adaptive_weight_optimizer.py,40,0,0,LEARNING
advanced_backtest_analytics.py,42,0,0,UNCLASSIFIED
advanced_statistics_engine.py,41,0,0,CORE_ENGINE
alert_notification_manager.py,41,0,0,UNCLASSIFIED
analytics_dashboard_builder.py,42,0,0,REPORTING
automated_report_publisher.py,41,0,0,REPORTING
autonomous_learning_controller.py,45,0,0,CONTROLLER
backtest_engine.py,57,0,0,CORE_ENGINE
backtest_report_generator.py,40,0,0,REPORTING
batch_execution_optimizer.py,40,0,0,EXECUTION
bhavcopy_loader.py,263,0,0,UNCLASSIFIED
calibration_engine.py,2844,0,0,CORE_ENGINE
calibration_models.py,257,0,0,UNCLASSIFIED
candidate_selector.py,3934,0,2,UNCLASSIFIED
confidence_engine.py,66,0,0,CORE_ENGINE
confidence_grading_engine.py,40,0,0,CORE_ENGINE
confidence_history_manager.py,41,0,0,UNCLASSIFIED
configuration_governance.py,40,0,0,UTILITY
continuous_learning_runner.py,41,0,0,CONTROLLER
daily_execution_controller.py,41,0,0,CONTROLLER
daily_pipeline_controller.py,40,0,0,CONTROLLER
daily_report_orchestrator.py,40,0,0,REPORTING
daily_workflow_controller.py,40,0,0,CONTROLLER
decision_fusion_validator.py,40,0,0,DECISION
decision_history_analyzer.py,40,0,0,DECISION
decision_intelligence_engine.py,43,0,0,CORE_ENGINE
end_to_end_execution_runner.py,40,0,0,CONTROLLER
enterprise_intelligence_controller.py,91,0,0,CONTROLLER
enterprise_optimization_controller.py,91,0,0,CONTROLLER
enterprise_reporting_engine.py,42,0,0,CORE_ENGINE
execution_benchmark_engine.py,41,0,0,CORE_ENGINE
execution_queue_controller.py,41,0,0,CONTROLLER
execution_scheduler_manager.py,42,0,0,EXECUTION
execution_speed_optimizer.py,40,0,0,EXECUTION
explainable_decision_engine.py,42,0,0,CORE_ENGINE
feature_cache_manager.py,241,0,0,MEMORY
feature_config.py,184,0,0,UTILITY
feature_engineering.py,265,0,0,CORE_ENGINE
feature_governance_engine.py,40,0,0,CORE_ENGINE
feature_models.py,141,0,0,UNCLASSIFIED
feature_normalizer.py,1464,0,1,UNCLASSIFIED
feature_weight_manager.py,123,0,0,UNCLASSIFIED
final_execution_controller.py,41,0,0,CONTROLLER
final_intelligence_report.py,40,0,0,REPORTING
governance_dashboard_builder.py,43,0,0,REPORTING
historical_dataset_loader.py,281,0,0,UNCLASSIFIED
historical_dataset_manager.py,41,0,0,UNCLASSIFIED
historical_loader.py,61,0,0,UNCLASSIFIED
historical_memory_builder.py,40,0,0,MEMORY
historical_memory_build_runner.py,44,0,0,CONTROLLER
historical_performance_analyzer.py,46,0,0,UNCLASSIFIED
historical_replay_controller.py,43,0,0,CONTROLLER
historical_replay_manager.py,40,0,0,UNCLASSIFIED
historical_replay_validator.py,42,0,0,UNCLASSIFIED
historical_similarity_engine.py,2849,0,0,CORE_ENGINE
historical_statistics_builder.py,44,0,0,UNCLASSIFIED
hmme18_config.py,119,0,0,UTILITY
hmme41_paths.py,16,0,0,UNCLASSIFIED
hmme_activation_controller.py,41,0,0,CONTROLLER
hmme_autonomous_master_controller.py,89,0,0,CONTROLLER
hmme_batch_optimizer.py,271,0,0,UNCLASSIFIED
hmme_batch_runner.py,159,0,0,CONTROLLER
hmme_controller.py,31,0,0,CONTROLLER
hmme_daily_runner.py,115,0,0,CONTROLLER
hmme_dataset_runner.py,108,0,0,CONTROLLER
hmme_data_adapter.py,304,0,0,UNCLASSIFIED
hmme_data_validator.py,283,0,0,UNCLASSIFIED
hmme_decision_schema.py,35,0,0,DECISION
hmme_engine.py,1664,0,0,CORE_ENGINE
hmme_enterprise_controller.py,41,0,0,CONTROLLER
hmme_execution_manager.py,124,0,0,EXECUTION
hmme_execution_summary.py,127,0,0,EXECUTION
hmme_final_master_controller.py,84,0,0,CONTROLLER
hmme_governance_validator.py,40,0,0,UNCLASSIFIED
hmme_integration_validator.py,41,0,0,UNCLASSIFIED
hmme_live_runner.py,112,0,0,CONTROLLER
hmme_master_engine.py,70,0,0,CORE_ENGINE
hmme_master_integration_tester.py,86,0,0,UNCLASSIFIED
hmme_memory_builder.py,104,0,0,MEMORY
hmme_memory_monitor.py,121,0,0,MEMORY
hmme_memory_reporter.py,109,0,0,MEMORY
hmme_models.py,397,0,0,UNCLASSIFIED
hmme_ntis_master_controller.py,83,0,0,CONTROLLER
hmme_operating_controller.py,40,0,0,CONTROLLER
hmme_operations_validator.py,40,0,0,UNCLASSIFIED
hmme_output_manager.py,178,0,0,UNCLASSIFIED
hmme_performance_config.py,156,0,0,UTILITY
hmme_performance_monitor.py,194,0,0,UNCLASSIFIED
hmme_pipeline.py,116,0,0,CONTROLLER
hmme_report_generator.py,115,0,0,REPORTING
hmme_runner.py,53,0,0,CONTROLLER
hmme_runtime_config.py,115,0,0,UTILITY
hmme_run_config.py,136,0,0,UTILITY
hmme_test_runner.py,99,0,0,CONTROLLER
hmme_validation_report.py,117,0,0,DECISION
intelligence_dashboard_builder.py,45,0,0,REPORTING
intelligence_fusion_engine.py,41,0,0,CORE_ENGINE
intelligence_report_builder.py,42,0,0,REPORTING
intraday_eod_manager.py,1268,0,0,UNCLASSIFIED
intraday_snapshot_loader.py,237,0,0,UNCLASSIFIED
large_data_performance_engine.py,43,0,0,CORE_ENGINE
learning_checkpoint_manager.py,42,0,0,LEARNING
learning_config.py,151,0,0,LEARNING
learning_dataset_manager.py,130,0,0,LEARNING
learning_performance_analyzer.py,44,0,0,LEARNING
learning_report_generator.py,40,0,0,LEARNING
learning_repository_manager.py,42,0,0,MEMORY
learning_snapshot_manager.py,40,0,0,LEARNING
learning_statistics.py,4252,0,1,LEARNING
market_state_builder.py,200,0,0,UNCLASSIFIED
matching_performance_engine.py,42,0,0,CORE_ENGINE
memory_index.py,2061,0,1,MEMORY
memory_index_models.py,323,0,0,MEMORY
memory_models.py,443,0,0,MEMORY
memory_repository.py,1918,0,1,MEMORY
memory_repository_builder.py,40,0,0,MEMORY
model_evaluator.py,64,0,0,UNCLASSIFIED
model_input_builder.py,118,0,0,UNCLASSIFIED
model_performance_monitor.py,40,0,0,UNCLASSIFIED
monthly_performance_engine.py,41,0,0,CORE_ENGINE
outcome_calibration_engine.py,41,0,0,CORE_ENGINE
outcome_comparison_service.py,41,0,0,LEARNING
outcome_filter.py,3542,0,1,LEARNING
outcome_learning_model.py,123,0,0,LEARNING
outcome_validation_runner.py,40,0,0,CONTROLLER
parameter_control_manager.py,40,0,0,UNCLASSIFIED
pattern_performance_tracker.py,208,0,0,UNCLASSIFIED
performance_governance_engine.py,44,0,0,CORE_ENGINE
performance_report_manager.py,41,0,0,REPORTING
performance_tracker.py,35,0,0,UNCLASSIFIED
pipeline_execution_manager.py,41,0,0,CONTROLLER
prediction_accuracy_engine.py,41,0,0,CORE_ENGINE
probability_adjustment_service.py,45,0,0,UNCLASSIFIED
probability_correction_engine.py,44,0,0,CORE_ENGINE
probability_engine_verification.py,46,0,0,CORE_ENGINE
probability_fusion_engine.py,40,0,0,CORE_ENGINE
probability_improvement_engine.py,45,0,0,CORE_ENGINE
probability_learning_bridge.py,42,0,0,LEARNING
probability_learning_engine.py,42,0,0,CORE_ENGINE
production_access_manager.py,40,0,0,UNCLASSIFIED
production_approval_engine.py,41,0,0,CORE_ENGINE
production_automation_controller.py,47,0,0,CONTROLLER
production_decision_monitor.py,42,0,0,DECISION
production_health_monitor.py,40,0,0,UNCLASSIFIED
production_master_controller.py,85,0,0,CONTROLLER
production_monitoring_engine.py,43,0,0,CORE_ENGINE
production_notification_service.py,46,0,0,UNCLASSIFIED
production_pipeline_controller.py,45,0,0,CONTROLLER
production_report_generator.py,42,0,0,REPORTING
production_stability_manager.py,43,0,0,UNCLASSIFIED
production_workflow_manager.py,42,0,0,CONTROLLER
quality_governance_engine.py,40,0,0,CORE_ENGINE
ranking_optimizer.py,112,0,0,UNCLASSIFIED
replay_memory_builder.py,68,0,0,MEMORY
repository_backup_manager.py,40,0,0,MEMORY
repository_performance_manager.py,45,0,0,MEMORY
runtime_validation_controller.py,44,0,0,CONTROLLER
signal_explanation_engine.py,40,0,0,CORE_ENGINE
signal_explanation_manager.py,41,0,0,UNCLASSIFIED
similarity_calculator.py,2357,0,1,CORE_ENGINE
similarity_execution_engine.py,42,0,0,CORE_ENGINE
similarity_execution_runner.py,42,0,0,CORE_ENGINE
similarity_index_optimizer.py,41,0,0,CORE_ENGINE
similarity_loader.py,1848,0,2,CORE_ENGINE
similarity_models.py,1920,0,0,CORE_ENGINE
similarity_optimizer.py,193,0,0,CORE_ENGINE
similarity_performance_config.py,162,0,0,CORE_ENGINE
similarity_probability.py,1797,0,1,CORE_ENGINE
similarity_ranker.py,1341,0,1,CORE_ENGINE
similarity_report.py,1501,0,1,CORE_ENGINE
similarity_scoring_engine.py,40,0,0,CORE_ENGINE
similarity_search_service.py,40,0,0,CORE_ENGINE
similarity_threshold_manager.py,43,0,0,CORE_ENGINE
state_validator.py,118,0,0,UNCLASSIFIED
system_orchestration_engine.py,42,0,0,CORE_ENGINE
system_recovery_controller.py,41,0,0,CONTROLLER
validation_result_manager.py,40,0,0,DECISION
yearly_performance_engine.py,40,0,0,CORE_ENGINE
__init__.py,192,0,16,UNCLASSIFIED
